{"cameraMode":{"drawMode":0,"name":"Shaded","section":"Shading Mode"},"sceneLighting":true,"audioPlay":false,"sceneViewState":{"m_AlwaysRefresh":false,"showFog":true,"showSkybox":true,"showFlares":true,"showImageEffects":true,"showParticleSystems":true,"showVisualEffectGraphs":true,"m_FxEnabled":true},"in2DMode":false,"pivot":{"x":-10.064800262451172,"y":-2.138211488723755,"z":16.758651733398439},"rotation":{"x":0.13874751329421998,"y":-0.2205587476491928,"z":0.031749747693538669,"w":0.9649834632873535},"size":15.760903358459473,"orthographic":false}