{"cameraMode":{"drawMode":0,"name":"Shaded","section":"Shading Mode"},"sceneLighting":false,"audioPlay":false,"sceneViewState":{"m_AlwaysRefresh":false,"showFog":true,"showSkybox":false,"showFlares":true,"showImageEffects":true,"showParticleSystems":true,"showVisualEffectGraphs":true,"m_FxEnabled":true},"in2DMode":false,"pivot":{"x":5.1044535636901859,"y":1.3607057332992554,"z":4.619393348693848},"rotation":{"x":0.03499653935432434,"y":-0.8986644148826599,"z":0.07295144349336624,"w":0.431111216545105},"size":1.1902800798416138,"orthographic":true}